run_id,ts_utc,ts_ist,nse_phase,venue,symbol,label,kind,ccy,liquidity_source,identifier,expiry,strike,moneyness,dte,lot,tick,contract_value,qty_mult,px_to_inr,usdt_inr_mid,usd_inr_official,underlying,last,bid,ask,mid,spread,spread_bps,bid_qty_units,ask_qty_units,depth_touch_bid_inr,depth_touch_ask_inr,depth_bid_1bp_inr,depth_ask_1bp_inr,depth_bid_2bp_inr,depth_ask_2bp_inr,depth_bid_5bp_inr,depth_ask_5bp_inr,depth_bid_10bp_inr,depth_ask_10bp_inr,depth_bid_25bp_inr,depth_ask_25bp_inr,depth_bid_50bp_inr,depth_ask_50bp_inr,ic_buy_1L_bps,ic_sell_1L_bps,ic_buy_10L_bps,ic_sell_10L_bps,ic_buy_50L_bps,ic_sell_50L_bps,ic_buy_1cr_bps,ic_sell_1cr_bps,visible_levels_bid,visible_levels_ask,total_buy_units,total_sell_units,volume,oi,notional_traded_inr,source_ts
20260909T191500Z,2026-09-09T19:15:00.135217+00:00,10-Sep-2026 00:45:00,closed,NSE F&O,NIFTY,NIFTY FUT near,index_future,INR,native,FUTIDXNIFTY29-09-2026XX0.00,29-Sep-2026,,,,65.0,0.1,,1.0,1.0,99.15,94.843169,23431.5,23530.0,23518.0,23530.0,23524.0,12.0,5.101173269852066,975.0,260.0,22930050.0,6117800.0,0.0,0.0,0.0,0.0,56559444.5,13765758.5,56559444.5,13765758.5,56559444.5,13765758.5,56559444.5,13765758.5,2.550586634926033,2.550586634926033,2.550586634926033,2.550586634926033,2.550586634926033,2.550586634926033,2.7506033906809844,2.550586634926033,5,5,64220.0,261625.0,55345.0,283138.0,84920598704.5,09-Sep-2026 15:40
20260909T191500Z,2026-09-09T19:15:00.135217+00:00,10-Sep-2026 00:45:00,closed,NSE F&O,NIFTY,NIFTY FUT next,index_future,INR,native,FUTIDXNIFTY27-10-2026XX0.00,27-Oct-2026,,,,65.0,0.1,,1.0,1.0,99.15,94.843169,23431.5,23629.0,23629.0,23630.0,23629.5,1.0,0.423199813792082,130.0,715.0,3071770.0,16895450.0,3071770.0,19967545.0,6143020.0,33793194.5,15355411.5,33793194.5,15355411.5,33793194.5,15355411.5,33793194.5,15355411.5,33793194.5,0.211599906896041,0.211599906896041,0.211599906896041,0.211599906896041,0.211599906896041,0.8644890689272747,0.211599906896041,1.874242254934377,5,5,25480.0,49985.0,7471.0,38101.0,11512411675.05,09-Sep-2026 15:40
20260909T191500Z,2026-09-09T19:15:00.135217+00:00,10-Sep-2026 00:45:00,closed,NSE F&O,NIFTY,NIFTY 23450 CE exp 15-Sep (5DTE),index_option_atm,INR,native,OPTIDXNIFTY15-09-2026CE23450.00,2026-09-15,23450.0,ATM,5,65.0,0.05,,1.0,1.0,99.15,94.843169,23431.5,138.5,138.15,139.45,138.8,1.299999999999983,93.65994236311116,260.0,325.0,35919.0,45321.24999999999,0.0,0.0,0.0,0.0,0.0,0.0,0.0,0.0,0.0,0.0,35919.0,45321.24999999999,51.456841971647854,63.8505915077856,,,,,,,5,5,108680.0,179790.0,722927.0,36378.0,1110841639856.65,09-Sep-2026 15:40
20260909T191500Z,2026-09-09T19:15:00.135217+00:00,10-Sep-2026 00:45:00,closed,NSE F&O,NIFTY,NIFTY 23450 PE exp 15-Sep (5DTE),index_option_atm,INR,native,OPTIDXNIFTY15-09-2026PE23450.00,2026-09-15,23450.0,ATM,5,65.0,0.05,,1.0,1.0,99.15,94.843169,23431.5,111.1,111.2,112.05,111.625,0.8499999999999943,76.14781634938359,260.0,195.0,28912.0,21849.75,0.0,0.0,0.0,0.0,0.0,0.0,0.0,0.0,0.0,0.0,79462.5,65568.75,45.21754561569794,45.96234849948413,,,,,,,5,5,154830.0,80145.0,2150772.0,41133.0,3289650617596.2,09-Sep-2026 15:40
20260909T191500Z,2026-09-09T19:15:00.135217+00:00,10-Sep-2026 00:45:00,closed,NSE F&O,NIFTY,NIFTY 23550 CE exp 15-Sep (5DTE),index_option_otm,INR,native,OPTIDXNIFTY15-09-2026CE23550.00,2026-09-15,23550.0,OTM100,5,65.0,0.05,,1.0,1.0,99.15,94.843169,23431.5,88.9,88.65,89.35,89.0,0.6999999999999886,78.65168539325715,195.0,325.0,17286.75,29038.749999999996,0.0,0.0,0.0,0.0,0.0,0.0,0.0,0.0,0.0,0.0,23045.75,29038.749999999996,,95.94357704074241,,,,,,,5,5,79820.0,524355.0,1987657.0,55674.0,3060312498220.25,09-Sep-2026 15:40
20260909T191500Z,2026-09-09T19:15:00.135217+00:00,10-Sep-2026 00:45:00,closed,NSE F&O,NIFTY,NIFTY 23350 PE exp 15-Sep (5DTE),index_option_otm,INR,native,OPTIDXNIFTY15-09-2026PE23350.00,2026-09-15,23350.0,OTM100,5,65.0,0.05,,1.0,1.0,99.15,94.843169,23431.5,73.85,73.85,74.6,74.225,0.75,101.0441226002021,260.0,390.0,19201.0,29093.999999999996,0.0,0.0,0.0,0.0,0.0,0.0,0.0,0.0,0.0,0.0,0.0,0.0,74.29013252396436,55.96561166963041,,,,,,,5,5,153595.0,79690.0,965593.0,35606.0,1468778672110.1,09-Sep-2026 15:40
20260909T191500Z,2026-09-09T19:15:00.135217+00:00,10-Sep-2026 00:45:00,closed,NSE F&O,NIFTY,NIFTY 23450 CE exp 29-Sep (19DTE),index_option_atm_monthly,INR,native,OPTIDXNIFTY29-09-2026CE23450.00,2026-09-29,23450.0,ATM,19,65.0,0.05,,1.0,1.0,99.15,94.843169,23431.5,278.95,278.75,281.15,279.95,2.3999999999999773,85.72959457045819,65.0,65.0,18118.75,18274.75,0.0,0.0,0.0,0.0,0.0,0.0,0.0,0.0,0.0,0.0,18118.75,18274.75,57.2112531083604,130.78181503762582,,,,,,,5,5,34645.0,9555.0,2956.0,852.0,4568032430.0,09-Sep-2026 15:40
20260909T191500Z,2026-09-09T19:15:00.135217+00:00,10-Sep-2026 00:45:00,closed,NSE F&O,NIFTY,NIFTY 23450 PE exp 29-Sep (19DTE),index_option_atm_monthly,INR,native,OPTIDXNIFTY29-09-2026PE23450.00,2026-09-29,23450.0,ATM,19,65.0,0.05,,1.0,1.0,99.15,94.843169,23431.5,203.0,202.1,203.85,202.975,1.75,86.21751447222564,65.0,195.0,13136.5,39750.75,0.0,0.0,0.0,0.0,0.0,0.0,0.0,0.0,0.0,0.0,78793.0,39750.75,66.81824168068098,49.384607894778014,,,,,,,5,5,35750.0,12545.0,11348.0,2450.0,17421787770.4,09-Sep-2026 15:40
20260909T191500Z,2026-09-09T19:15:00.135217+00:00,10-Sep-2026 00:45:00,closed,NSE F&O,BANKNIFTY,BANKNIFTY FUT near,index_future,INR,native,FUTIDXBANKNIFTY29-09-2026XX0.00,29-Sep-2026,,,,30.0,0.2,,1.0,1.0,99.15,94.843169,56295.55,56681.0,56651.0,56681.0,56666.0,30.0,5.294179931528606,30.0,210.0,1699530.0,11903010.0,0.0,0.0,0.0,0.0,11895810.0,35711400.0,11895810.0,35711400.0,11895810.0,35711400.0,11895810.0,35711400.0,2.647089965764303,2.647089965764303,2.647089965764303,2.647089965764303,2.647089965763019,2.763579211624908,2.647089965763019,3.252357735859981,5,5,21390.0,45600.0,17856.0,70294.0,30458127340.8,09-Sep-2026 15:40
20260909T191500Z,2026-09-09T19:15:00.135217+00:00,10-Sep-2026 00:45:00,closed,NSE F&O,BANKNIFTY,BANKNIFTY FUT next,index_future,INR,native,FUTIDXBANKNIFTY27-10-2026XX0.00,27-Oct-2026,,,,30.0,0.2,,1.0,1.0,99.15,94.843169,56295.55,56963.0,56963.0,56993.0,56978.0,30.0,5.265190073361648,60.0,30.0,3417780.0,1709790.0,0.0,0.0,0.0,0.0,8543340.0,22228398.0,18792936.0,22228398.0,18792936.0,22228398.0,18792936.0,22228398.0,2.632595036680824,2.632595036680824,2.632595036680824,2.632595036680824,2.8959467492743474,3.2991461430702835,3.00997846310645,4.197262586505646,5,5,4260.0,11070.0,2214.0,7984.0,3797214130.8,09-Sep-2026 15:40
20260909T191500Z,2026-09-09T19:15:00.135217+00:00,10-Sep-2026 00:45:00,closed,NSE F&O,BANKNIFTY,BANKNIFTY 56300 CE exp 29-Sep (19DTE),index_option_atm,INR,native,OPTIDXBANKNIFTY29-09-2026CE56300.00,2026-09-29,56300.0,ATM,19,30.0,0.05,,1.0,1.0,99.15,94.843169,56295.55,855.15,855.15,864.0,859.575,8.850000000000023,102.95785708053425,30.0,30.0,25654.5,25920.0,0.0,0.0,0.0,0.0,0.0,0.0,0.0,0.0,0.0,0.0,0.0,0.0,60.094556340655366,58.3998694427665,,,,,,,5,5,5820.0,7170.0,7623.0,1146.0,13097158628.4,09-Sep-2026 15:40
20260909T191500Z,2026-09-09T19:15:00.135217+00:00,10-Sep-2026 00:45:00,closed,NSE F&O,BANKNIFTY,BANKNIFTY 56300 PE exp 29-Sep (19DTE),index_option_atm,INR,native,OPTIDXBANKNIFTY29-09-2026PE56300.00,2026-09-29,56300.0,ATM,19,30.0,0.05,,1.0,1.0,99.15,94.843169,56295.55,504.0,500.0,503.85,501.925,3.8500000000000227,76.70468695522284,3840.0,330.0,1920000.0,166270.5,0.0,0.0,0.0,0.0,0.0,0.0,0.0,0.0,0.0,0.0,1920000.0,181395.0,38.35234347761142,38.35234347761142,,38.35234347761142,,,,,5,5,12480.0,3750.0,25696.0,3267.0,43717344844.8,09-Sep-2026 15:40
20260909T191500Z,2026-09-09T19:15:00.135217+00:00,10-Sep-2026 00:45:00,closed,NSE F&O,BANKNIFTY,BANKNIFTY 56500 CE exp 29-Sep (19DTE),index_option_otm,INR,native,OPTIDXBANKNIFTY29-09-2026CE56500.00,2026-09-29,56500.0,OTM200,19,30.0,0.05,,1.0,1.0,99.15,94.843169,56295.55,732.85,733.15,740.0,736.575,6.850000000000023,92.99799748837556,30.0,540.0,21994.5,399600.0,0.0,0.0,0.0,0.0,0.0,0.0,0.0,0.0,0.0,0.0,725578.5,399600.0,46.498998744187006,49.14677225168369,,52.218732771977784,,,,,5,5,51390.0,40470.0,76846.0,9947.0,132252204222.6,09-Sep-2026 15:40
20260909T191500Z,2026-09-09T19:15:00.135217+00:00,10-Sep-2026 00:45:00,closed,NSE F&O,BANKNIFTY,BANKNIFTY 56100 PE exp 29-Sep (19DTE),index_option_otm,INR,native,OPTIDXBANKNIFTY29-09-2026PE56100.00,2026-09-29,56100.0,OTM200,19,30.0,0.05,,1.0,1.0,99.15,94.843169,56295.55,431.7,425.85,435.7,430.775,9.849999999999966,228.65765190644692,90.0,30.0,38326.5,13071.0,0.0,0.0,0.0,0.0,0.0,0.0,0.0,0.0,0.0,0.0,0.0,0.0,132.48563216409403,152.35923598506636,,,,,,,5,5,3840.0,4110.0,10870.0,1245.0,18408899370.0,09-Sep-2026 15:40
20260909T191500Z,2026-09-09T19:15:00.135217+00:00,10-Sep-2026 00:45:00,closed,NSE F&O,RELIANCE,RELIANCE FUT near (top),stock_future_top,INR,native,FUTSTKRELIANCE29-09-2026XX0.00,29-09-2026,,,,500.0,0.1,,1.0,1.0,99.15,94.843169,1279.0,1287.3,1287.1,1287.5,1287.3,0.40000000000009095,3.10727880059109,500.0,2000.0,643550.0,2575000.0,0.0,0.0,643550.0,2575000.0,71417350.0,5150550.0,71417350.0,5794550.0,71417350.0,5794550.0,71417350.0,5794550.0,1.553639400295545,1.553639400295545,1.553639400295545,1.8305506279751802,2.5603805209760724,2.23048140525676,,2.657398383517158,5,5,440500.0,966000.0,22470.0,257543.0,14523709200.0,09-Sep-2026 15:40
20260909T191500Z,2026-09-09T19:15:00.135217+00:00,10-Sep-2026 00:45:00,closed,NSE F&O,HDFCBANK,HDFCBANK FUT near (top),stock_future_top,INR,native,FUTSTKHDFCBANK29-09-2026XX0.00,29-09-2026,,,,650.0,0.05,,1.0,1.0,99.15,94.843169,687.1,693.3,693.0,693.35,693.175,0.35000000000002274,5.049229992426484,14300.0,31850.0,9909900.0,22083197.5,0.0,0.0,0.0,0.0,12161792.5,26590882.5,16214575.0,31551000.0,16214575.0,31551000.0,16214575.0,31551000.0,2.524614996214062,2.5246149962124216,2.524614996214062,2.5246149962124216,2.524614996214062,2.5246149962124216,2.524614996214062,2.5376150158526953,5,5,258700.0,1235650.0,46676.0,546241.0,21169012956.0,09-Sep-2026 15:40
20260909T191500Z,2026-09-09T19:15:00.135217+00:00,10-Sep-2026 00:45:00,closed,NSE F&O,ICICIBANK,ICICIBANK FUT near (top),stock_future_top,INR,native,FUTSTKICICIBANK29-09-2026XX0.00,29-09-2026,,,,700.0,0.1,,1.0,1.0,99.15,94.843169,1389.1,1397.5,1396.9,1398.3,1397.6,1.3999999999998636,10.017172295362505,700.0,1400.0,977830.0000000001,1957620.0,0.0,0.0,0.0,0.0,0.0,0.0,3910480.0,9789780.0,8796830.0,9789780.0,8796830.0,9789780.0,5.008586147682066,5.00858614768044,5.008586147682066,5.04031640559918,5.894380376189262,7.934906375959622,,,5,5,149800.0,359800.0,12951.0,135889.0,12701317671.0,09-Sep-2026 15:40
20260909T191500Z,2026-09-09T19:15:00.135217+00:00,10-Sep-2026 00:45:00,closed,NSE F&O,SBIN,SBIN FUT near (top),stock_future_top,INR,native,FUTSTKSBIN29-09-2026XX0.00,29-09-2026,,,,750.0,0.1,,1.0,1.0,99.15,94.843169,1000.5,1005.3,1005.0,1005.4,1005.2,0.39999999999997726,3.979307600477291,1500.0,750.0,1507500.0,754050.0,0.0,0.0,1507500.0,754050.0,1507500.0,3016650.0,6027825.0,3771000.0,9792825.0,3771000.0,9792825.0,3771000.0,1.9896538002380797,1.9896538002392108,2.2343131268741474,1.9896538002392108,,4.9601032319259915,,,5,5,193500.0,683250.0,9385.0,117984.0,7106110837.5,09-Sep-2026 15:40
20260909T191500Z,2026-09-09T19:15:00.135217+00:00,10-Sep-2026 00:45:00,closed,NSE F&O,INFY,INFY FUT near (top),stock_future_top,INR,native,FUTSTKINFY29-09-2026XX0.00,29-09-2026,,,,400.0,0.1,,1.0,1.0,99.15,94.843169,1035.0,1036.2,1035.2,1036.2,1035.7,1.0,9.655305590421936,2400.0,2000.0,2484480.0,2072400.0,0.0,0.0,0.0,0.0,2484480.0,2072400.0,5382360.0,9534600.0,5382360.0,9534600.0,5382360.0,9534600.0,4.827652795210968,4.827652795210968,4.827652795210968,4.827652795210968,5.638082448061047,5.817539525600777,,,5,5,111600.0,312400.0,29793.0,201265.0,12453235656.0,09-Sep-2026 15:40
20260909T191500Z,2026-09-09T19:15:00.135217+00:00,10-Sep-2026 00:45:00,closed,NSE F&O,AXISBANK,AXISBANK FUT near (top),stock_future_top,INR,native,FUTSTKAXISBANK29-09-2026XX0.00,29-09-2026,,,,625.0,0.1,,1.0,1.0,99.15,94.843169,1238.5,1247.8,1247.7,1247.9,1247.8000000000002,0.20000000000004547,1.6028209648985852,625.0,625.0,779812.5,779937.5,779812.5,779937.5,779812.5,779937.5,2338812.5,3120437.5,2338812.5,3900750.0,6233375.0,3900750.0,6233375.0,3900750.0,0.8014104824483814,0.8014104824502037,1.1540871864476692,1.6839891413035406,,7.87850834393365,,,5,5,85625.0,200000.0,7854.0,150282.0,6144724162.5,09-Sep-2026 15:40
20260909T191500Z,2026-09-09T19:15:00.135217+00:00,10-Sep-2026 00:45:00,closed,NSE F&O,SAIL,SAIL FUT near (tail),stock_future_tail,INR,native,FUTSTKSAIL29-09-2026XX0.00,29-09-2026,,,,4700.0,0.01,,1.0,1.0,99.15,94.843169,186.4,189.0,186.0,189.0,187.5,3.0,160.0,9400.0,28200.0,1748400.0,5329800.0,0.0,0.0,0.0,0.0,0.0,0.0,0.0,0.0,0.0,0.0,0.0,0.0,80.0,80.0,80.0,80.0,80.0,105.896985674608,104.60090067227156,119.63420616017477,5,5,159800.0,239700.0,74.0,30459.0,65842018.0,09-Sep-2026 15:40
20260909T191500Z,2026-09-09T19:15:00.135217+00:00,10-Sep-2026 00:45:00,closed,NSE F&O,NBCC,NBCC FUT near (tail),stock_future_tail,INR,native,FUTSTKNBCC29-09-2026XX0.00,29-09-2026,,,,6500.0,0.01,,1.0,1.0,99.15,94.843169,83.6,83.74,83.7,83.94,83.82,0.23999999999999488,28.63278453829574,6500.0,6500.0,544050.0,545610.0,0.0,0.0,0.0,0.0,0.0,0.0,0.0,0.0,1632020.0,2183545.0,4891835.0,2729740.0,14.316392269148718,14.316392269147023,16.48423712387933,14.860390883649272,,,,,5,5,221000.0,526500.0,887.0,15014.0,487011785.0,09-Sep-2026 15:40
20260909T191500Z,2026-09-09T19:15:00.135217+00:00,10-Sep-2026 00:45:00,closed,NSE F&O,PETRONET,PETRONET FUT near (tail),stock_future_tail,INR,native,FUTSTKPETRONET29-09-2026XX0.00,29-09-2026,,,,1900.0,0.05,,1.0,1.0,99.15,94.843169,285.9,287.25,287.05,287.55,287.3,0.5,17.40341106856944,1900.0,1900.0,545395.0,546345.0,0.0,0.0,0.0,0.0,0.0,0.0,545395.0,546345.0,1635425.0,2733530.0,3267810.0,2733530.0,8.70170553428472,8.70170553428472,10.280434465448057,9.492948471246335,,,,,5,5,81700.0,64600.0,967.0,15144.0,530005931.0,09-Sep-2026 15:40
20260909T191500Z,2026-09-09T19:15:00.135217+00:00,10-Sep-2026 00:45:00,closed,NSE F&O,TIINDIA,TIINDIA FUT near (tail),stock_future_tail,INR,native,FUTSTKTIINDIA29-09-2026XX0.00,29-09-2026,,,,200.0,0.1,,1.0,1.0,99.15,94.843169,2678.3,2690.0,2681.1,2690.0,2685.55,8.900000000000091,33.14032507307661,400.0,200.0,1072440.0,538000.0,0.0,0.0,0.0,0.0,0.0,0.0,0.0,0.0,1608320.0,538000.0,2143940.0,2154800.0,16.57016253653746,16.570162536539154,23.445933912138877,16.570162536539154,,,,,5,5,3200.0,8800.0,962.0,11097.0,518560328.0,09-Sep-2026 15:40
20260909T191500Z,2026-09-09T19:15:00.135217+00:00,10-Sep-2026 00:45:00,closed,NSE F&O,MANKIND,MANKIND FUT near (tail),stock_future_tail,INR,native,FUTSTKMANKIND29-09-2026XX0.00,29-09-2026,,,,250.0,0.1,,1.0,1.0,99.15,94.843169,2265.0,2279.5,2271.6,2280.3,2275.95,8.700000000000273,38.225795821526276,250.0,250.0,567900.0,570075.0,0.0,0.0,0.0,0.0,0.0,0.0,0.0,0.0,1135525.0,2280825.0,2836950.0,2852075.0,19.11289791076414,19.11289791076214,19.49067730382938,21.201875024517257,,,,,5,5,6750.0,23000.0,1162.0,11366.0,665152040.0,09-Sep-2026 15:40
20260909T191500Z,2026-09-09T19:15:00.135217+00:00,10-Sep-2026 00:45:00,closed,NSE F&O,GODFRYPHLP,GODFRYPHLP FUT near (tail),stock_future_tail,INR,native,FUTSTKGODFRYPHLP29-09-2026XX0.00,29-09-2026,,,,275.0,0.1,,1.0,1.0,99.15,94.843169,1978.5,1983.5,1983.0,1989.3,1986.15,6.2999999999999545,31.719658636054447,275.0,275.0,545325.0,547057.5,0.0,0.0,0.0,0.0,0.0,0.0,0.0,0.0,1635425.0,1094390.0,1635425.0,2737982.5,15.859829318027796,15.859829318027796,18.13970734867432,17.004600675704957,,,,,5,5,3850.0,5500.0,306.0,5114.0,167324701.5,09-Sep-2026 15:40
20260909T191500Z,2026-09-09T19:15:00.135217+00:00,10-Sep-2026 00:45:00,closed,NSE F&O,RELIANCE,RELIANCE 1280 PE exp 29-Sep (19DTE),stock_option_atm,INR,native,OPTSTKRELIANCE29-09-2026PE1280.00,2026-09-29,1280.0,ATM,19,500.0,0.05,,1.0,1.0,99.15,94.843169,1279.0,18.15,18.0,18.15,18.075,0.14999999999999858,82.98755186721914,2000.0,500.0,36000.0,9075.0,0.0,0.0,0.0,0.0,0.0,0.0,0.0,0.0,0.0,0.0,36000.0,9075.0,89.16923547666192,67.01987012212165,,,,,,,5,5,706000.0,192500.0,11364.0,4525.0,7364212920.0,09-Sep-2026 15:40
20260909T191500Z,2026-09-09T19:15:00.135217+00:00,10-Sep-2026 00:45:00,closed,NSE F&O,RELIANCE,RELIANCE 1280 CE exp 29-Sep (19DTE),stock_option_atm,INR,native,OPTSTKRELIANCE29-09-2026CE1280.00,2026-09-29,1280.0,ATM,19,500.0,0.05,,1.0,1.0,99.15,94.843169,1279.0,25.8,25.65,25.9,25.775,0.25,96.99321047526674,1500.0,1000.0,38475.0,25900.0,0.0,0.0,0.0,0.0,0.0,0.0,0.0,0.0,0.0,0.0,38475.0,25900.0,69.67196349163004,62.45001446389938,,,,,,,5,5,453500.0,143500.0,10482.0,3328.0,6859001520.0,09-Sep-2026 15:40
20260909T191500Z,2026-09-09T19:15:00.135217+00:00,10-Sep-2026 00:45:00,closed,NSE F&O,HDFCBANK,HDFCBANK 690 PE exp 29-Sep (19DTE),stock_option_atm,INR,native,OPTSTKHDFCBANK29-09-2026PE690.00,2026-09-29,690.0,ATM,19,650.0,0.05,,1.0,1.0,99.15,94.843169,687.1,11.25,11.2,11.25,11.225,0.05000000000000071,44.543429844098625,1950.0,1950.0,21840.0,21937.5,0.0,0.0,0.0,0.0,0.0,0.0,0.0,0.0,21840.0,21937.5,21840.0,21937.5,93.57418386895259,75.87984505632079,,,,,,,5,5,1001650.0,269100.0,28235.0,7102.0,12824351117.5,09-Sep-2026 15:40
20260909T191500Z,2026-09-09T19:15:00.135217+00:00,10-Sep-2026 00:45:00,closed,NSE F&O,HDFCBANK,HDFCBANK 690 CE exp 29-Sep (19DTE),stock_option_atm,INR,native,OPTSTKHDFCBANK29-09-2026CE690.00,2026-09-29,690.0,ATM,19,650.0,0.05,,1.0,1.0,99.15,94.843169,687.1,14.75,14.7,14.75,14.725,0.05000000000000071,33.95585738539947,1300.0,3250.0,19110.0,47937.5,0.0,0.0,0.0,0.0,0.0,0.0,0.0,0.0,19110.0,47937.5,19110.0,47937.5,34.62751636400662,76.92048991880267,,,,,,,5,5,377650.0,467350.0,18609.0,4142.0,8544387481.5,09-Sep-2026 15:40
20260909T191500Z,2026-09-09T19:15:00.135217+00:00,10-Sep-2026 00:45:00,closed,Delta Exchange India,BTCUSD,Delta India BTCUSD perp,crypto_perp,USD,native (RMM programme),,,,,,,,0.001,0.001,99.15,99.15,94.843169,,,78478.0,78478.5,78478.25,0.5,0.06371192018170639,4642.0,4446.0,36119836.9554,34594963.00065,1052079536.7438,1529917943.4933002,1323119283.3963,2421223620.686325,2556925858.723725,2422048635.3434253,2557042510.9296002,2422048635.3434253,2557042510.9296002,2422048635.3434253,2557042510.9296002,2422048635.3434253,0.031855960090853196,0.031855960090853196,0.031855960090853196,0.031855960090853196,0.031855960090853196,0.031855960090853196,0.031855960090853196,0.031855960090853196,20,20,,,,,,1788981336041000
20260909T191500Z,2026-09-09T19:15:00.135217+00:00,10-Sep-2026 00:45:00,closed,Delta Exchange India,ETHUSD,Delta India ETHUSD perp,crypto_perp,USD,native (RMM programme),,,,,,,,0.01,0.01,99.15,99.15,94.843169,,,2482.0,2482.05,2482.025,0.0500000000001819,0.2014484140980929,622.0,6906.0,1530681.6660000002,16995338.482950002,8696459.141625,96973078.26570003,100839129.761175,234813693.821925,398599660.1249251,658877857.9797001,398599660.1249251,658877857.9797001,398599660.1249251,658877857.9797001,398599660.1249251,658877857.9797001,0.10072420704904644,0.10072420704904644,0.10072420704904644,0.10072420704904644,0.10072420704904644,0.3189916652924217,0.10072420704904644,0.6040668432663743,20,20,,,,,,1788981336681000
20260909T191500Z,2026-09-09T19:15:00.135217+00:00,10-Sep-2026 00:45:00,closed,CoinDCX spot,I-BTC_INR,CoinDCX I-BTC_INR,crypto_spot,INR,native,,,,,,,,,1.0,1.0,99.15,94.843169,,,7770100.2,7809244.4,7789672.300000001,39144.200000000186,50.25140788014944,0.03843,0.00258,298604.950686,20147.850552,0.0,0.0,0.0,0.0,0.0,0.0,0.0,0.0,0.0,0.0,496616.04493499995,403909.1232995,35.096212966499664,25.12570394007532,56.72619480025263,,,,,,20,20,,,,,,1788981336791
20260909T191500Z,2026-09-09T19:15:00.135217+00:00,10-Sep-2026 00:45:00,closed,CoinDCX spot,I-ETH_INR,CoinDCX I-ETH_INR,crypto_spot,INR,native,,,,,,,,,1.0,1.0,99.15,94.843169,,,245930.7,246975.3,246453.0,1044.5999999999767,42.38536353787443,0.3703,0.129456,91068.13821,31972.434436799995,0.0,0.0,0.0,0.0,0.0,0.0,0.0,0.0,327499.11854,35165.40343679999,358864.77609,319181.96864679997,32.91040280176709,21.413236667377372,61.321410376639996,49.4915187392907,,,,,20,20,,,,,,1788981337006
20260909T191500Z,2026-09-09T19:15:00.135217+00:00,10-Sep-2026 00:45:00,closed,CoinDCX spot,I-USDT_INR,CoinDCX I-USDT_INR,crypto_spot,INR,native,,,,,,,,,1.0,1.0,99.15,94.843169,,,99.15,99.23,99.19,0.0799999999999983,8.065329166246427,13.95,1896.45,1383.1425,188184.7335,0.0,0.0,0.0,0.0,1383.1425,188184.7335,1383.1425,188184.7335,16631179.18623552,188184.7335,18498355.80753552,5871955.4725,4.032664583123929,11.98652751901748,30.20700970137384,16.590565071527088,41.69558094254668,17.93662798387542,47.87723642959788,18.545929566136426,20,20,,,,,,1788981337967
20260909T191500Z,2026-09-09T19:15:00.135217+00:00,10-Sep-2026 00:45:00,closed,CoinDCX spot,B-BTC_USDT,CoinDCX B-BTC_USDT,crypto_spot,USDT,routed (Binance),,,,,,,,,1.0,99.15,99.15,94.843169,,,78497.69,78497.7,78497.695,0.00999999999476131,0.0012739227559180318,10.05268,0.02649,78240470.49635719,206172.91383794998,111254110.42096125,1582786.1718170098,111254110.42096125,1582786.1718170098,111254110.42096125,1582786.1718170098,111254110.42096125,1582786.1718170098,111254110.42096125,1582786.1718170098,111254110.42096125,1582786.1718170098,0.000636961377032115,0.0006369613788859166,0.10245851013846607,0.0006369613788859166,,0.0006369613788859166,,0.0006369613788859166,20,20,,,,,,1788981338014
20260909T191500Z,2026-09-09T19:15:00.135217+00:00,10-Sep-2026 00:45:00,closed,CoinDCX spot,B-ETH_USDT,CoinDCX B-ETH_USDT,crypto_spot,USDT,routed (Binance),,,,,,,,,1.0,99.15,99.15,94.843169,,,2483.45,2483.46,2483.455,0.010000000000218279,0.04026648358926689,39.1551,20.3008,9641319.53636925,4998768.685747201,24339948.8965551,7790024.608388848,24339948.8965551,7883529.472104898,24339948.8965551,7883529.472104898,24339948.8965551,7883529.472104898,24339948.8965551,7883529.472104898,24339948.8965551,7883529.472104898,0.020133241794633445,0.020133241794633445,0.020133241794633445,0.020133241794633445,0.0201431578927321,0.020133241794633445,,0.02157752750018028,20,20,,,,,,1788981339015
20260909T191500Z,2026-09-09T19:15:00.135217+00:00,10-Sep-2026 00:45:00,closed,CoinDCX Futures,B-BTC_USDT-futures,CoinDCX Futures BTC_USDT,crypto_perp,USDT,routed (Binance),,,,,,,,,1.0,99.15,99.15,94.843169,,,78478.2,78478.3,78478.25,0.10000000000582077,0.012742384037082983,11.491,1.49,89412775.57323,11593873.933050001,90945610.32113998,25934708.699655004,90945610.32113998,25934708.699655004,90945610.32113998,25934708.699655004,90945610.32113998,25934708.699655004,90945610.32113998,25934708.699655004,90945610.32113998,25934708.699655004,0.006371192018541492,0.006371192018541492,0.006371192018541492,0.006371192018541492,0.006371192018541492,0.006371192018541492,0.006371192018541492,0.006371192018541492,20,20,,,,,,1788981339410
20260909T191500Z,2026-09-09T19:15:00.135217+00:00,10-Sep-2026 00:45:00,closed,CoinDCX Futures,B-ETH_USDT-futures,CoinDCX Futures ETH_USDT,crypto_perp,USDT,routed (Binance),,,,,,,,,1.0,99.15,99.15,94.843169,,,2482.04,2482.05,2482.045,0.010000000000218279,0.0402893581712591,504.347,87.565,124116904.77430199,21549331.2229875,161879257.84656152,29149688.972683508,161879257.84656152,29149688.972683508,161879257.84656152,29149688.972683508,161879257.84656152,29149688.972683508,161879257.84656152,29149688.972683508,161879257.84656152,29149688.972683508,0.02014467908562955,0.02014467908562955,0.02014467908562955,0.02014467908562955,0.02014467908562955,0.02014467908562955,0.02014467908562955,0.02014467908562955,20,20,,,,,,1788981339260
20260909T191500Z,2026-09-09T19:15:00.135217+00:00,10-Sep-2026 00:45:00,closed,ZebPay spot,BTC-INR,ZebPay BTC-INR,crypto_spot,INR,native,,,,,,,,,1.0,1.0,99.15,94.843169,,,7800000.0,7853803.12,7826901.5600000005,53803.12000000011,68.74127595390392,0.0002826,0.01266264,2204.2799999999997,99449.8815394368,0.0,0.0,0.0,0.0,0.0,0.0,0.0,0.0,0.0,0.0,495540.1701694254,99449.8815394368,34.73310960465817,49.518117084514444,96.21811440166331,54.0841260285786,143.6135847835722,,,,20,20,,,,,,1788981340
20260909T191500Z,2026-09-09T19:15:00.135217+00:00,10-Sep-2026 00:45:00,closed,ZebPay spot,ETH-INR,ZebPay ETH-INR,crypto_spot,INR,native,,,,,,,,,1.0,1.0,99.15,94.843169,,,246854.58,248402.63,247628.60499999998,1548.0500000000175,62.51499094783567,0.416564,0.400357,102830.73126311999,99449.73173891,0.0,0.0,0.0,0.0,0.0,0.0,0.0,0.0,0.0,0.0,477928.51685005997,99449.73173891,31.683983765201617,31.25749547391725,171.77733580587153,47.40937242787145,,,,,20,20,,,,,,1788981340
20260909T191500Z,2026-09-09T19:15:00.135217+00:00,10-Sep-2026 00:45:00,closed,ZebPay spot,USDT-INR,ZebPay USDT-INR,crypto_spot,INR,native,,,,,,,,,1.0,1.0,99.15,94.843169,,,99.7,99.81,99.755,0.10999999999999943,11.027016189664623,50.250181,959.6938,5009.9430457,95787.038178,0.0,0.0,0.0,0.0,0.0,0.0,5009.9430457,95787.038178,255056.71277552002,369147.18081484997,719090.0015300501,1173607.804933548,5.745667544829309,9.939656172942035,26.537793485553895,44.33057077602827,,,,,20,20,,,,,,1788981341
20260909T191500Z,2026-09-09T19:15:00.135217+00:00,10-Sep-2026 00:45:00,closed,ZebPay Futures,BTCINR,ZebPay Futures BTCINR perp,crypto_perp,INR,"mirrored (global USDT book, internal FX)",,,,,,,,,1.0,1.0,99.15,94.843169,,,7494621.0,7494726.0,7494673.5,105.0,0.14009949866395113,11.102,1.765,83205282.34200001,13228191.389999999,87664511.757,30930903.832,87664511.757,30930903.832,87664511.757,30930903.832,87664511.757,30930903.832,87664511.757,30930903.832,87664511.757,30930903.832,0.07004974933197557,0.07004974933197557,0.07004974933197557,0.07004974933197557,0.07004974933197557,0.07004974933197557,0.07004974933197557,0.07004974933197557,20,20,,,,,,1788981342221
20260909T191500Z,2026-09-09T19:15:00.135217+00:00,10-Sep-2026 00:45:00,closed,ZebPay Futures,ETHINR,ZebPay Futures ETHINR perp,crypto_perp,INR,"mirrored (global USDT book, internal FX)",,,,,,,,,1.0,1.0,99.15,94.843169,,,237175.0,237214.0,237194.5,39.0,1.6442202496263616,27.206,349.912,6452583.05,83004025.168,7238811.998,86061283.237,8737439.832,99814947.54499999,8737439.832,99814947.54499999,8737439.832,99814947.54499999,8737439.832,99814947.54499999,8737439.832,99814947.54499999,0.8221101248119538,0.8221101248131808,0.8221101248131808,0.8221101248131808,0.8221101248144077,0.8221101248131808,0.8221101248144077,,19,19,,,,,,1788981342574
20260909T191500Z,2026-09-09T19:15:00.135217+00:00,10-Sep-2026 00:45:00,closed,Pi42,BTCINR,Pi42 BTCINR perp,crypto_perp,INR,"mirrored (global USDT book, internal FX)",,,,,,,,,1.0,1.0,99.15,94.843169,,,7494621.0,7494726.0,7494673.5,105.0,0.14009949866395113,10.085,1.212,75583252.78500001,9083607.912,83332555.351,23098875.841000002,83332555.351,23098875.841000002,83332555.351,23098875.841000002,83332555.351,23098875.841000002,83332555.351,23098875.841000002,83332555.351,23098875.841000002,0.07004974933197557,0.07004974933197557,0.07004974933197557,0.07004974933197557,0.07004974933197557,0.07004974933197557,0.07180922939849911,0.07004974933197557,20,20,,,,,,1788981343366
20260909T191500Z,2026-09-09T19:15:00.135217+00:00,10-Sep-2026 00:45:00,closed,Pi42,ETHINR,Pi42 ETHINR perp,crypto_perp,INR,"mirrored (global USDT book, internal FX)",,,,,,,,,1.0,1.0,99.15,94.843169,,,237175.0,237214.0,237194.5,39.0,1.6442202496263616,48.021,292.993,11389380.675,69502041.502,12187231.122000001,72242139.281,21148382.664,86109217.20899999,21148382.664,86109217.20899999,21148382.664,86109217.20899999,21148382.664,86109217.20899999,21148382.664,86109217.20899999,0.8221101248119538,0.8221101248131808,0.8221101248131808,0.8221101248131808,0.8221101248144077,0.8221101248131808,0.8221101248144077,0.8221101248131808,19,19,,,,,,1788981343231
20260909T191500Z,2026-09-09T19:15:00.135217+00:00,10-Sep-2026 00:45:00,closed,WazirX spot,btcinr,WazirX BTC/INR,crypto_spot,INR,native,,,,,,,,,1.0,1.0,99.15,94.843169,,,7800000.0,7855920.0,7827960.0,55920.0,71.43623626078825,0.06403,0.01391,499434.0,109275.8472,0.0,0.0,0.0,0.0,0.0,0.0,0.0,0.0,0.0,0.0,499434.0,165292.06512,35.718118130394124,35.718118130394124,78.44474533171109,67.76754922081668,,,,,20,20,,,,,,1788981345114
20260909T191500Z,2026-09-09T19:15:00.135217+00:00,10-Sep-2026 00:45:00,closed,Giottus spot,BTC/INR,Giottus BTC/INR,crypto_spot,INR,native,,,,,,,,,1.0,1.0,99.15,94.843169,,,7750000.0,7938998.0,7844499.0,188998.0,240.93061902359855,0.00516129,0.0105,39999.9975,83359.479,0.0,0.0,0.0,0.0,0.0,0.0,0.0,0.0,0.0,0.0,0.0,0.0,131.8417869235715,179.46889800421638,,,,,,,20,20,,,,,,
